<mods:mods xmlns:mods="http://www.loc.gov/mods/v3" xmlns:xsi="http://www.w3.org/2001/XMLSchema-instance" xmlns:xlink="http://www.w3.org/1999/xlink" xsi:schemaLocation="http://www.loc.gov/mods/v3 http://www.loc.gov/mods/v3/mods-3-7.xsd">
  <mods:titleInfo>
    <mods:title>Christian Coalition records</mods:title>
  </mods:titleInfo>
  <mods:name type="personal" authority="naf" valueURI="http://id.loc.gov/authorities/names/n82108860" authorityURI="http://id.loc.gov/authorities/names.html">
    <mods:namePart>Robertson, Pat</mods:namePart>
    <mods:role>
      <mods:roleTerm type="text" authority="marcrelator">founder</mods:roleTerm>
    </mods:role>
  </mods:name>
  <mods:name type="corporate" authority="naf" valueURI="http://id.loc.gov/authorities/names/n78086010" authorityURI="http://id.loc.gov/authorities/names.html">
    <mods:namePart>United States. National Historical Publications and Records Commission</mods:namePart>
    <mods:role>
      <mods:roleTerm type="text" authority="marcrelator">funder</mods:roleTerm>
    </mods:role>
  </mods:name>
  <mods:typeOfResource authority="primo" authorityURI="https://knowledge.exlibrisgroup.com/Primo/Product_Documentation/020Primo_VE/Primo_VE_(English)/100Loading_Records_from_External_Sources_into_Primo_VE/Configuring_Normalization_Rules_for_External_Resources_(Primo_VE)#Supported_Resource_Types_in_Primo_VE">text_resources</mods:typeOfResource>
  <mods:note type="preferredcitation">Christian Coalition records, The Gordon Hall and Grace Hoag Collection of Extremist and Dissenting Printed Propaganda, Ms.76.4, Brown University Library</mods:note>
  <mods:originInfo>
    <mods:dateCreated encoding="w3cdtf" keyDate="yes" point="start">1992</mods:dateCreated>
    <mods:dateCreated encoding="w3cdtf" point="end">2000</mods:dateCreated>
    <mods:place>
      <mods:placeTerm type="text" valueURI="http://id.loc.gov/authorities/names/n79018774" authorityURI="http://id.loc.gov/authorities/names.html">Washington (D.C.)</mods:placeTerm>
    </mods:place>
  </mods:originInfo>
  <mods:language>
    <mods:languageTerm type="code" authority="iso639-2b">eng</mods:languageTerm>
    <mods:languageTerm type="text">English</mods:languageTerm>
  </mods:language>
  <mods:accessCondition type="rights statement" xlink:href="http://rightsstatements.org/vocab/InC-EDU/1.0/">In Copyright - Educational Use Permitted</mods:accessCondition>
  <mods:accessCondition type="restriction on access">Collection is open for research.</mods:accessCondition>
  <mods:physicalDescription>
    <mods:extent>99 folders</mods:extent>
  </mods:physicalDescription>
  <mods:abstract type="general">These digital images could include any or all of these types of documents: correspondence, pamphlets, leaflets, photos, flyers, mass mailing, or small publications created by this organization.</mods:abstract>
  <mods:subject>
    <mods:name type="corporate" authority="naf" valueURI="http://id.loc.gov/authorities/names/no93022539" authorityURI="http://id.loc.gov/authorities/names.html">
      <mods:namePart>Christian Coalition</mods:namePart>
    </mods:name>
  </mods:subject>
  <mods:subject authority="lcsh" valueURI="http://id.loc.gov/authorities/subjects/sh85112549" authorityURI="http://id.loc.gov/authorities/subjects.html">
    <mods:topic>Religion</mods:topic>
  </mods:subject>
  <mods:relatedItem type="host">
    <mods:titleInfo>
      <mods:title>The Gordon Hall and Grace Hoag Collection of Extremist and Dissenting Printed Propaganda</mods:title>
    </mods:titleInfo>
    <mods:identifier type="local">Ms.76.4</mods:identifier>
    <mods:location>
      <mods:physicalLocation>Brown University Library, John Hay Library, University Archives and Manuscripts, Box A, Brown University, Providence, RI, 02912, U.S.A., (http://library.brown.edu/)</mods:physicalLocation>
      <mods:url>https://www.riamco.org/render?eadid=US-RPB-mshallhoag</mods:url>
      <mods:holdingSimple>
        <mods:copyInformation>
          <mods:shelfLocator>C-50, C-51</mods:shelfLocator>
          <mods:electronicLocator>https://apps.library.brown.edu/hall-hoag/catalog/US-RPB-HH_024889</mods:electronicLocator>
        </mods:copyInformation>
      </mods:holdingSimple>
    </mods:location>
  </mods:relatedItem>
  <mods:identifier type="local">HH024889</mods:identifier> 
  <mods:note displayLabel="Digital object made available by">Brown University Library, John Hay Library, University Archives and Manuscripts, Box A, Brown University, Providence, RI, 02912, U.S.A., (http://library.brown.edu/)</mods:note>
</mods:mods>